iter	TotalF1	MultiClass
0	0.4975188202	1.699233779
1	0.5745659439	1.610602001
2	0.6168632236	1.52130488
3	0.6505796508	1.448845831
4	0.6742337803	1.38897632
5	0.6825571624	1.344673375
6	0.6875712708	1.296906282
7	0.7000450495	1.247587579
8	0.702376584	1.209987845
9	0.7061095925	1.173741662
10	0.7116875497	1.144525343
11	0.7160989236	1.115768242
12	0.7296214712	1.086227787
13	0.7412575142	1.056818049
14	0.7530755355	1.033883049
15	0.7504453107	1.017054381
16	0.762001981	0.9923321963
17	0.7676172492	0.9749865633
18	0.7706875101	0.9542091919
19	0.7746228081	0.931158551
20	0.7789407409	0.9162976888
21	0.775234844	0.9036287783
22	0.7797244151	0.8906865319
23	0.7838166451	0.8758442632
24	0.7879824652	0.8623640051
25	0.7880728958	0.8503219791
26	0.7893716835	0.8394074514
27	0.7924631723	0.8307204097
28	0.7942481013	0.8188224422
29	0.7934828251	0.8043814276
30	0.7968204648	0.7919812311
31	0.7993744011	0.7819565103
32	0.8040881763	0.7687841408
33	0.8057450812	0.7580457796
34	0.8106842349	0.7484909713
35	0.8139130241	0.7413129998
36	0.8123257803	0.7338340207
37	0.815375362	0.7274976996
38	0.8144096524	0.7194658855
39	0.8143912642	0.7110988435
40	0.8133401687	0.7030711623
41	0.8148690353	0.6957634892
42	0.8176872842	0.6882056428
43	0.8194915395	0.6808988685
44	0.8225406517	0.6754295593
45	0.8218239266	0.669690786
46	0.8227267462	0.6651843485
47	0.8238532137	0.6580269387
48	0.8301804162	0.6507164323
49	0.8271764666	0.6439514483
50	0.8256773387	0.6375797873
51	0.8272200495	0.6327455412
52	0.8282057547	0.6276548301
53	0.8321451605	0.6210214773
54	0.8358800282	0.6163717659
55	0.8325935436	0.6111860778
56	0.8351738927	0.6049179527
57	0.8388510316	0.5985084757
58	0.8403606283	0.5929266798
59	0.8398586268	0.5887059087
60	0.8409236807	0.5840198814
61	0.8423892624	0.5765729655
62	0.8438379219	0.5716434292
63	0.8430200872	0.5693161284
64	0.843473985	0.5651573338
65	0.8438459931	0.5600472229
66	0.8502318899	0.5551017296
67	0.8489599026	0.5497389796
68	0.8495089708	0.5457142287
69	0.8495155593	0.5420989805
70	0.8506258147	0.5377267591
71	0.8506220803	0.5344986965
72	0.8510700551	0.5314840846
73	0.8536470133	0.5286230044
74	0.8550403075	0.5249943787
75	0.8569495119	0.5200831115
76	0.8595927065	0.5165123913
77	0.8619144071	0.5133713361
78	0.8640952955	0.5101789213
79	0.8611467121	0.5058011496
80	0.8665050062	0.5029582925
81	0.8654538714	0.4985455832
82	0.8659856906	0.4953961212
83	0.8655060757	0.493490052
84	0.8659856906	0.490538651
85	0.8669462411	0.4878401744
86	0.8669529425	0.4843879629
87	0.8660733277	0.481666602
88	0.8670427685	0.4774255415
89	0.8700477002	0.4738996039
90	0.8700322199	0.4710619142
91	0.868999325	0.4671715819
92	0.8704981535	0.4648090075
93	0.873477359	0.4622708627
94	0.8744748513	0.4592935068
95	0.8768385763	0.4562910609
96	0.8772872915	0.4556700392
97	0.8782745974	0.4531005537
98	0.8786721055	0.4505098435
99	0.8816391798	0.4476992603
100	0.881135212	0.445519629
101	0.880277713	0.4423762457
102	0.8802388263	0.4407880218
103	0.8812397381	0.4385138553
104	0.8807384577	0.4363327801
105	0.8812455375	0.4332870329
106	0.8822660328	0.430992531
107	0.8856863514	0.4288295077
108	0.8843095589	0.4260807191
109	0.8867819043	0.4228444111
110	0.8862856268	0.4219318347
111	0.8867723041	0.4203338457
112	0.8877611847	0.4180024662
113	0.8882836513	0.4163568064
114	0.8901743502	0.4149459045
115	0.8910705314	0.4120744589
116	0.8920221668	0.4099183285
117	0.8925471032	0.4094615757
118	0.8911513571	0.4079562448
119	0.8954198359	0.4051607243
120	0.8968178364	0.4029811264
121	0.8972839542	0.4005971521
122	0.8958485698	0.3997076337
123	0.8982404828	0.3978614135
124	0.8992072197	0.3950168738
125	0.9000930467	0.3931959964
126	0.901542678	0.3907520357
127	0.9006401256	0.3879652581
128	0.9015237814	0.3855720032
129	0.9010661268	0.3839632354
130	0.9006299132	0.3822719745
131	0.9019968331	0.3799349146
132	0.9019968331	0.3777995069
133	0.9024532258	0.3745764108
134	0.9016161336	0.3721578766
135	0.9006823248	0.3710668956
136	0.9001921091	0.3694488715
137	0.9016033644	0.3678721526
138	0.9015382443	0.3658100288
139	0.9024921901	0.3648598204
140	0.902534681	0.3631761779
141	0.9047560223	0.3612049721
142	0.9057200298	0.3595985566
143	0.9053653913	0.3577505721
144	0.9053653913	0.3571005911
145	0.9049255442	0.3553852435
146	0.908542552	0.3538814681
147	0.9077103433	0.3526196857
148	0.9086708489	0.3514099573
149	0.9117575457	0.3495828352
150	0.9122461881	0.3478994514
151	0.9122461881	0.3468773102
152	0.9139876699	0.3462432358
153	0.9134657807	0.344656914
154	0.9171127127	0.3434343956
155	0.9175577906	0.3411953075
156	0.9180348473	0.3393588093
157	0.9185248312	0.3379067646
158	0.9175445759	0.3363052903
159	0.9160719812	0.3348934788
160	0.9160719812	0.334724759
161	0.9170993844	0.3330413882
162	0.9175445759	0.3318895486
163	0.9180348473	0.3312112473
164	0.9218222211	0.3291334521
165	0.9213879751	0.3273727381
166	0.9208732243	0.3261146389
167	0.9208732243	0.3258473104
168	0.9213598273	0.3253271881
169	0.9208732243	0.3237892171
170	0.9218341466	0.3229286071
171	0.9223475942	0.3218517953
172	0.9233051308	0.320086301
173	0.9233051308	0.3193387309
174	0.924259111	0.3182214009
175	0.9251888552	0.3161270726
176	0.9251888552	0.3154291469
177	0.9242329257	0.3146038783
178	0.923747887	0.3142681202
179	0.9247017779	0.3129792252
180	0.9251865723	0.3122448705
181	0.9247177202	0.31142731
182	0.9251738009	0.3102762308
183	0.9269852433	0.3088420541
184	0.927919207	0.3068476293
185	0.9269449127	0.3059677187
186	0.9284020019	0.3052062826
187	0.9294008242	0.3040375098
188	0.9298462896	0.3031187794
189	0.9312503173	0.3017925962
190	0.9321633175	0.3000079039
191	0.9321633175	0.2990430483
192	0.9321534366	0.2983740227
193	0.9325972786	0.2970218656
194	0.9325972786	0.2964082716
195	0.93304094	0.2952298899
196	0.9330763169	0.294129956
197	0.9339990039	0.2935930444
198	0.934463681	0.2926938633
199	0.934463681	0.2919461026
200	0.934463681	0.2913880592
201	0.9349322481	0.2904015941
202	0.934463681	0.2892993491
203	0.9353495275	0.2885499092
204	0.9353550616	0.2873256873
205	0.9354006126	0.2862452136
206	0.9349322481	0.2849093308
207	0.935891641	0.2841621367
208	0.9363803316	0.2830999476
209	0.9359130092	0.2819730677
210	0.9363559847	0.2815810311
211	0.9358882834	0.2800437834
212	0.9367987853	0.2791617757
213	0.9372839113	0.2783579739
214	0.9377515921	0.2775948404
215	0.9396197338	0.2767788221
216	0.9396197338	0.2766997818
217	0.9395978676	0.2758584527
218	0.9395978676	0.2744536454
219	0.9395978676	0.2740750533
220	0.9395766064	0.2726322184
221	0.9400622158	0.2720818624
222	0.9405148642	0.2708748208
223	0.940050494	0.2691659979
224	0.9405269526	0.2687338348
225	0.9405269526	0.2678915875
226	0.9414505719	0.2666625786
227	0.9414406245	0.2651334305
228	0.9423360886	0.2644952951
229	0.9423660176	0.2640345725
230	0.9428422097	0.2630878936
231	0.9441793709	0.2620157725
232	0.9441793709	0.2616083376
233	0.9455321234	0.2603214132
234	0.9464017828	0.2596533281
235	0.9477477047	0.2585066358
236	0.9477642046	0.2576876226
237	0.9482131273	0.256986356
238	0.94775647	0.2565615058
239	0.9486894411	0.2560332373
240	0.9491280984	0.2551574948
241	0.9495666361	0.2542541608
242	0.9495666361	0.2531851445
243	0.9482399771	0.2526203719
244	0.9482399771	0.2518273473
245	0.9491280984	0.2510415711
246	0.9500050588	0.2507656739
247	0.950050324	0.2495697598
248	0.9495860732	0.2487241727
249	0.9500676245	0.2477196948
250	0.9491553416	0.2463824906
251	0.9496194446	0.245988573
252	0.9496194446	0.2455056625
253	0.9500212858	0.2449427464
254	0.9509716711	0.2443165015
255	0.9536779479	0.2432288276
256	0.9546042093	0.2424042692
257	0.9541584651	0.2415525073
258	0.9550669379	0.2406308727
259	0.9550669379	0.239912305
260	0.9546042093	0.2388773491
261	0.9550323707	0.2382802426
262	0.9554953846	0.2379917702
263	0.9559757254	0.2373930596
264	0.9568748082	0.2370518535
265	0.9573077822	0.2360830832
266	0.957293487	0.2349086813
267	0.9577295188	0.2343812565
268	0.9568573707	0.2337800976
269	0.9568748082	0.2330265652
270	0.9573116686	0.2326334173
271	0.9586281509	0.2319748547
272	0.9590641467	0.2314687322
273	0.9590641467	0.2310816612
274	0.959512158	0.2307455605
275	0.9595632339	0.2295991496
276	0.9590842517	0.2289956816
277	0.9591230398	0.2283267805
278	0.9595467545	0.2276445755
279	0.9604499603	0.2269327429
280	0.9604866511	0.2262369748
281	0.9604587402	0.2253789011
282	0.9609028276	0.2242657376
283	0.9600339082	0.2231128455
284	0.9604553736	0.2223656618
285	0.9609028276	0.2222980998
286	0.9604408741	0.2216076029
287	0.9613417706	0.2207226777
288	0.9613365684	0.2204124407
289	0.9618038231	0.2197337973
290	0.9618323942	0.219468518
291	0.9618323942	0.2191784359
292	0.962265716	0.2186328586
293	0.9627274545	0.218050368
294	0.962265716	0.2176495661
295	0.962265716	0.2175583491
296	0.9618038231	0.2170019584
297	0.9632042473	0.2163569891
298	0.9632042473	0.2152254243
299	0.9632042473	0.2146981194
300	0.9636448302	0.2143521277
301	0.9636448302	0.2139082183
302	0.9636448302	0.2137991404
303	0.9645665492	0.2131365408
304	0.9641334505	0.212485688
305	0.9641334505	0.2117457191
306	0.9641334505	0.211252068
307	0.9641334505	0.2105454711
308	0.9641334505	0.2098304897
309	0.9637002758	0.2092828537
310	0.9637002758	0.2089935797
311	0.9645665492	0.2082716079
312	0.964579826	0.2076683177
313	0.964579826	0.2074041106
314	0.964579826	0.2070185401
315	0.9650216304	0.2064380791
316	0.9650492115	0.2061281946
317	0.9650492115	0.2061021795
318	0.9646165845	0.2053395915
319	0.9650583509	0.204797633
320	0.9654903744	0.2045421426
321	0.9659360959	0.2040194949
322	0.9659182269	0.2032260294
323	0.965960931	0.2028346217
324	0.9663929392	0.2022716142
325	0.9668386385	0.2016365719
326	0.9672980301	0.2009740615
327	0.9672980301	0.2003761834
328	0.9672980301	0.2001435804
329	0.9677294698	0.1993621968
330	0.9677572943	0.1986838954
331	0.9677572943	0.1985626577
332	0.9677572943	0.1982077394
333	0.9686572855	0.1975349253
334	0.9677671223	0.1968469034
335	0.9677671223	0.1967687275
336	0.9686572855	0.196586099
337	0.9686940071	0.1958794229
338	0.9686572855	0.1952792063
339	0.9691193461	0.194595378
340	0.9691193461	0.1942837382
341	0.9691193461	0.1940503921
342	0.9695864333	0.1932986429
343	0.9695864333	0.1927945394
344	0.9700534295	0.1924047134
345	0.9705105039	0.1922818234
346	0.9691389449	0.1915399045
347	0.9691389449	0.1914900277
348	0.9696072137	0.1914365241
349	0.9700638331	0.1908235918
350	0.9709520992	0.1900364603
351	0.9709520992	0.1898021012
352	0.9709520992	0.1891350645
353	0.9709520992	0.1890757332
354	0.9723073208	0.1886898031
355	0.9723073208	0.1883917227
356	0.9736308966	0.1877489642
357	0.9736308966	0.1874385959
358	0.9740875802	0.1868661883
359	0.9740875802	0.1863169747
360	0.9740875802	0.1859740886
361	0.973621709	0.1856973895
362	0.973621709	0.185417779
363	0.973621709	0.1849301215
364	0.9740875802	0.1843806774
365	0.9740875802	0.1836453053
366	0.9740875802	0.1832918159
367	0.974519347	0.182803415
368	0.974519347	0.1823080308
369	0.974519347	0.1819506188
370	0.9749760008	0.181180715
371	0.974519347	0.1807474892
372	0.9749760008	0.1802704273
373	0.9749857699	0.1797309547
374	0.9754417498	0.179369307
375	0.9754417498	0.1786929571
376	0.9758976303	0.1781812105
377	0.9754417498	0.1777596749
378	0.9754417498	0.177255712
379	0.9754417498	0.1770046562
380	0.9763534167	0.1767041559
381	0.9777385473	0.1758832609
382	0.9777385473	0.1756970354
383	0.9777385473	0.1754887064
384	0.9781942445	0.1746820686
385	0.9781942445	0.1745221628
386	0.9781942445	0.1743245815
387	0.9781942445	0.1741158609
388	0.9781942445	0.1736746428
389	0.9781942445	0.1732667557
390	0.9786279937	0.1727888859
391	0.9781942445	0.1725299303
392	0.9786498577	0.1722740661
393	0.9786498577	0.1719999331
394	0.9790836735	0.1714602162
395	0.9790836735	0.1711059595
396	0.9790836735	0.1708959416
397	0.9790836735	0.1701133759
398	0.9790836735	0.1697163156
399	0.9790836735	0.1693309111
400	0.9790836735	0.1691367207
401	0.9790836735	0.1689589256
402	0.9795392727	0.1684769802
403	0.9795392727	0.1677599715
404	0.9795392727	0.1671568558
405	0.9795392727	0.1665692215
406	0.9795608523	0.165874545
407	0.9795608523	0.165700993
408	0.9795608523	0.1654710666
409	0.9800039625	0.165329327
410	0.9800039625	0.1650918396
411	0.9800039625	0.1648137112
412	0.9800039625	0.1642397514
413	0.9800039625	0.1641353029
414	0.9800039625	0.1638020176
415	0.9800039625	0.1632995638
416	0.9804373132	0.1628748307
417	0.9804373132	0.1627354891
418	0.9800039625	0.1623533523
419	0.9804373132	0.1619626395
420	0.9804373132	0.1617606453
421	0.9799947963	0.1613608118
422	0.9799947963	0.1611030768
423	0.9804373132	0.1609855574
424	0.9799947963	0.1606709399
425	0.9804286867	0.1601455293
426	0.9804286867	0.1597659484
427	0.9799947963	0.1594832871
428	0.9799947963	0.1590280993
429	0.9799947963	0.1589806214
430	0.9799947963	0.1584745314
431	0.9799947963	0.1582596131
432	0.9799947963	0.1580010266
433	0.9799947963	0.1577856552
434	0.9799947963	0.1573324956
435	0.9799947963	0.1571652078
436	0.9804286867	0.1568640449
437	0.9804286867	0.1565624124
438	0.9804286867	0.1563773865
439	0.9804402589	0.1560544528
440	0.9813068107	0.1558321438
441	0.9817400206	0.1556227064
442	0.9813068107	0.1554481321
443	0.9817400206	0.1551722597
444	0.9817400206	0.1549964589
445	0.9822012751	0.1545728672
446	0.9822012751	0.1542019936
447	0.9822012751	0.154078358
448	0.9822012751	0.1537284865
449	0.9822012751	0.1534384407
450	0.9817680345	0.1529417034
451	0.9826624679	0.1525214718
452	0.9826624679	0.1522074694
453	0.9826624679	0.1519400374
454	0.9822291976	0.1516536706
455	0.9826624679	0.1512707026
456	0.9835500972	0.1507781036
457	0.9835500972	0.1506966134
458	0.9835500972	0.1506080031
459	0.9835500972	0.150553556
460	0.9835500972	0.1501023212
461	0.9840123647	0.1496641238
462	0.9840123647	0.1495002271
463	0.9840123647	0.1494385242
464	0.9839833444	0.148937859
465	0.9839833444	0.1487779931
466	0.9839833444	0.1484523316
467	0.9839833444	0.1480393001
468	0.9844586973	0.1476984326
469	0.9844586973	0.1473576063
470	0.9844586973	0.1471575387
471	0.9840044283	0.1468433503
472	0.9840044283	0.1467357408
473	0.9840044283	0.1463271482
474	0.9840044283	0.1458943108
475	0.9844666532	0.1456548261
476	0.9844666532	0.1452942652
477	0.9848794857	0.1450935417
478	0.985333264	0.1448172429
479	0.9857869796	0.144400073
480	0.9857869796	0.144018638
481	0.9866739823	0.1435200174
482	0.9862275668	0.1432487422
483	0.9862275668	0.1431607513
484	0.9862275668	0.1428458338
485	0.9862275668	0.1425830262
486	0.9866806802	0.1423047402
487	0.9862275668	0.1420690197
488	0.9875910958	0.1416916933
489	0.9871386801	0.1415156795
490	0.9866806802	0.1412541155
491	0.9871386801	0.1409586614
492	0.9875910958	0.1405454239
493	0.9871337368	0.1403503874
494	0.9875910958	0.1401747985
495	0.9875910958	0.139784762
496	0.9875910958	0.1396862573
497	0.9880434624	0.1393895312
498	0.9880434624	0.1390011837
499	0.9880434624	0.1388877501
500	0.9871765742	0.1385671601
501	0.9876100362	0.138355596
502	0.9876100362	0.1382091894
503	0.9876100362	0.1379054219
504	0.9876332197	0.1374945062
505	0.9880667013	0.1370947551
506	0.9880667013	0.1368484428
507	0.9880667013	0.1363679744
508	0.9885183539	0.1360530926
509	0.9885183539	0.1357990232
510	0.9889699716	0.1356454154
511	0.9889699716	0.1354670679
512	0.9885183539	0.1351058225
513	0.9889699716	0.1346742182
514	0.9889699716	0.1344030097
515	0.9885145687	0.1341213568
516	0.9885145687	0.1338591584
517	0.9885145687	0.1336410767
518	0.9885145687	0.1334600951
519	0.9885145687	0.1331115427
520	0.9885145687	0.1326768668
521	0.9889667837	0.1322966849
522	0.9889667837	0.1320626735
523	0.9894215594	0.1317837008
524	0.9894215594	0.1315834723
525	0.9894215594	0.1314594984
526	0.9894215594	0.1313181147
527	0.9894215594	0.1311045619
528	0.9894215594	0.1309542221
529	0.9894215594	0.1309060051
530	0.9894215594	0.1308721447
531	0.9894215594	0.130830353
532	0.9898551095	0.130491118
533	0.9898551095	0.1302720847
534	0.9898551095	0.1300446113
535	0.9898551095	0.1299560469
536	0.9898551095	0.1297400016
537	0.9902886229	0.1294301029
538	0.9907221039	0.1292603592
539	0.9907221039	0.1289013546
540	0.9907221039	0.1286948422
541	0.991155557	0.1284716136
542	0.9907221039	0.12837538
543	0.9911595075	0.1280406864
544	0.9911595075	0.127845194
545	0.9911595075	0.1276007667
546	0.9911595075	0.1273524528
547	0.9911595075	0.1270440756
548	0.9911595075	0.1267078988
549	0.9911595075	0.1265326286
550	0.9911595075	0.1262894885
551	0.9911595075	0.126135897
552	0.9911595075	0.1258647452
553	0.9911595075	0.1255836738
554	0.9911595075	0.1254326579
555	0.9916154643	0.1251709095
556	0.9920665074	0.1249333269
557	0.9920665074	0.1245356025
558	0.9924994243	0.1244057854
559	0.9924994243	0.1242363933
560	0.9924994243	0.123911222
561	0.9929323176	0.1235783855
562	0.9924994243	0.1234329025
563	0.9924994243	0.1232110676
564	0.9924994243	0.1230723871
565	0.9924994243	0.1229811465
566	0.9920665074	0.1227739344
567	0.9924994243	0.1223467794
568	0.9924994243	0.1223112001
569	0.9924994243	0.1221296166
570	0.9929504685	0.1218977316
571	0.9933833843	0.1216315151
572	0.9933833843	0.1213359676
573	0.9933833843	0.1211125105
574	0.9929504685	0.1209242956
575	0.9929504685	0.120667341
576	0.9929504685	0.1204953524
577	0.9929504685	0.1202562257
578	0.9929504685	0.1200909849
579	0.9929504685	0.1198124243
580	0.9929504685	0.1196580261
581	0.9925175276	0.1195158564
582	0.9925175276	0.1193946086
583	0.9925175276	0.1191255424
584	0.9925175276	0.118880396
585	0.9929504685	0.1186863604
586	0.9929504685	0.1183977853
587	0.9929504685	0.118315234
588	0.9929504685	0.1180805212
589	0.9934014931	0.1177677578
590	0.9934014931	0.117629814
591	0.9934014931	0.1175167885
592	0.9934014931	0.1173457793
593	0.9934014931	0.1171102536
594	0.9934014931	0.1169824855
595	0.9934014931	0.1167598189
596	0.9934014931	0.1166566346
597	0.9934014931	0.1165438438
598	0.9934014931	0.1164104935
599	0.9934014931	0.1162806889
600	0.9938344298	0.1160856785
601	0.9938344298	0.1158112444
602	0.9938344298	0.1156032478
603	0.9938344298	0.1153881621
604	0.9938344298	0.1151922576
605	0.9938344298	0.1149172923
606	0.9938344298	0.1146996929
607	0.9938344298	0.1144687735
608	0.9938344298	0.114258688
609	0.9938344298	0.1140111532
610	0.9933833843	0.1138319222
611	0.9938344298	0.1136113427
612	0.9938344298	0.1135321277
613	0.9938344298	0.1132767176
614	0.9933833843	0.1130005072
615	0.9938344298	0.1128662963
616	0.9942673443	0.1125808297
617	0.9942673443	0.1124573681
618	0.9942673443	0.11237048
619	0.9938344298	0.112168432
620	0.9938344298	0.1120805232
621	0.9938344298	0.1119182141
622	0.9938344298	0.1116897941
623	0.9938344298	0.1115405051
624	0.9938344298	0.1113940499
625	0.9938344298	0.1112312344
626	0.9942673443	0.1110621647
627	0.9942673443	0.1109354467
628	0.9942673443	0.1107142233
629	0.9942673443	0.110487083
630	0.9942673443	0.1103500868
631	0.9942673443	0.1101386871
632	0.9942673443	0.1099686459
633	0.9942673443	0.1097395168
634	0.9942673443	0.1096599193
635	0.9942673443	0.1095360118
636	0.9947183914	0.1093549525
637	0.9947183914	0.109218494
638	0.9942673443	0.1090181748
639	0.9942673443	0.1088622821
640	0.9942673443	0.1088440753
641	0.9942673443	0.1087707688
642	0.9942673443	0.1086424108
643	0.9942673443	0.108472021
644	0.9942673443	0.1082964682
645	0.9942673443	0.1080344273
646	0.9942673443	0.1078496832
647	0.9942673443	0.1075743811
648	0.9942673443	0.1074837996
649	0.9942673443	0.1072253116
650	0.9942673443	0.1070374908
651	0.9942673443	0.1068098029
652	0.9942673443	0.1067005665
653	0.9942673443	0.1065725124
654	0.9947183914	0.1062903217
655	0.9947183914	0.1061201318
656	0.9947183914	0.106009078
657	0.9947183914	0.1057810433
658	0.9947183914	0.1055998306
659	0.9947183914	0.1053002173
660	0.9947183914	0.1051105906
661	0.9947183914	0.1049669504
662	0.9951513043	0.104812219
663	0.9955847541	0.1047017912
664	0.9955847541	0.1046305135
665	0.9955847541	0.104539833
666	0.9951524106	0.1043480263
667	0.9951524106	0.1040517405
668	0.9955847541	0.1037497152
669	0.9955847541	0.1035611588
670	0.9951524106	0.1033455462
671	0.9951524106	0.1032036817
672	0.9951524106	0.1030359873
673	0.9951524106	0.102978826
674	0.9955847541	0.1028272001
675	0.9960170848	0.1025748358
676	0.9955847541	0.1024338891
677	0.9960170848	0.1022809958
678	0.9960170848	0.1020850451
679	0.9960170848	0.1019566371
680	0.9960170848	0.1018104693
681	0.9960170848	0.1015926398
682	0.9960170848	0.1014773576
683	0.9960170848	0.1013712386
684	0.9960170848	0.1012743441
685	0.9960170848	0.101109607
686	0.9960170848	0.1008795742
687	0.9960170848	0.1007960498
688	0.9960170848	0.100677904
689	0.9960170848	0.1004255646
690	0.9964681532	0.1002769707
691	0.9964681532	0.09997197661
692	0.9964681532	0.09986399697
693	0.9964681532	0.09967453211
694	0.9964681532	0.09947637139
695	0.9964681532	0.09933191938
696	0.9964681532	0.09922903714
697	0.9964681532	0.09913193944
698	0.9964681532	0.09907671275
699	0.9964681532	0.09890078055
700	0.9964681532	0.09876252833
701	0.9964681532	0.09862237931
702	0.9964681532	0.0984596018
703	0.9964681532	0.09832943142
704	0.9964681532	0.09829943792
705	0.9964681532	0.09815759843
706	0.9964681532	0.09800052567
707	0.9964681532	0.09776495381
708	0.9964681532	0.09760172896
709	0.9964681532	0.09750292348
710	0.9964681532	0.09741434274
711	0.9969192098	0.09725268127
712	0.9969192098	0.09710440398
713	0.9973515522	0.09697338779
714	0.9973515522	0.09669536706
715	0.9969192098	0.09644093975
716	0.9973515522	0.09624722216
717	0.9973515522	0.09619133596
718	0.9973515522	0.09613627495
719	0.9973515522	0.09611758522
720	0.9973515522	0.09596681672
721	0.9973515522	0.09584487255
722	0.9973515522	0.09569240426
723	0.9973515522	0.0955119462
724	0.9973515522	0.09539864794
725	0.9973515522	0.09537194274
726	0.9973515522	0.09521496327
727	0.9973515522	0.09501729648
728	0.9978026097	0.09482534922
729	0.9978026097	0.09471203983
730	0.9978026097	0.09464373739
731	0.9978026097	0.09455379754
732	0.9978026097	0.09437362629
733	0.9978026097	0.09416723867
734	0.9978026097	0.09412344332
735	0.9978026097	0.09390406307
736	0.9978026097	0.09371008504
737	0.9978026097	0.09357347201
738	0.9978026097	0.0934623254
739	0.9978026097	0.0933328756
740	0.9978026097	0.09313634127
741	0.9978026097	0.09298693192
742	0.9978026097	0.09282123792
743	0.9982536637	0.09264649946
744	0.9982536637	0.09245820258
745	0.9986860099	0.09230209562
746	0.9986860099	0.09228101685
747	0.9982536637	0.09209833693
748	0.9986860099	0.09191826856
749	0.9986860099	0.09172672941
750	0.9986860099	0.09162542699
751	0.9986860099	0.09149451647
752	0.9986860099	0.0913657883
753	0.9986860099	0.09123056231
754	0.9986860099	0.09119722965
755	0.9986860099	0.09105651106
756	0.9986860099	0.09084970445
757	0.9986860099	0.09061443019
758	0.9986860099	0.09051208845
759	0.9986860099	0.09030737316
760	0.9986860099	0.09014513619
761	0.9986860099	0.09002771567
762	0.9986860099	0.08992560531
763	0.9986860099	0.0898438162
764	0.9986860099	0.08972512993
765	0.9986860099	0.08963041765
766	0.9986860099	0.08947368795
767	0.9986860099	0.08937797066
768	0.9986860099	0.08922374288
769	0.9986860099	0.08905815226
770	0.9986860099	0.088966718
771	0.9986860099	0.08874329208
772	0.9986860099	0.08873349913
773	0.9986860099	0.08862374574
774	0.9986860099	0.08851453862
775	0.9986860099	0.0882752727
776	0.9986860099	0.08804613753
777	0.9986860099	0.08781376655
778	0.9986860099	0.0876905752
779	0.9986860099	0.08756418773
780	0.9986860099	0.08748815248
781	0.9986860099	0.08737727456
782	0.9986860099	0.08734139576
783	0.9986860099	0.08711341597
784	0.9986860099	0.08695159378
785	0.9986860099	0.08690730815
786	0.9986860099	0.08684368594
787	0.9986860099	0.08675018429
788	0.9986860099	0.08665591391
789	0.9986860099	0.08645572774
790	0.9986860099	0.08628344298
791	0.9991358792	0.08609379584
792	0.9991358792	0.08598321803
793	0.9991358792	0.08588900773
794	0.9991358792	0.08566064339
795	0.9991358792	0.08552490709
796	0.9991358792	0.08546353932
797	0.9991358792	0.0852767548
798	0.9991358792	0.08520864857
799	0.9991358792	0.08515442246
800	0.9991358792	0.08504382511
801	0.9991358792	0.08488269132
802	0.9991358792	0.08477189255
803	0.9991358792	0.08471684506
804	0.9991358792	0.08462139048
805	0.9991358792	0.0844725851
806	0.9991358792	0.08424847861
807	0.9991358792	0.08404016154
808	0.9991358792	0.08389014809
809	0.9991358792	0.08385784652
810	0.9991358792	0.08370432314
811	0.9991358792	0.08364424818
812	0.9991358792	0.08344921694
813	0.9991358792	0.0832300506
814	0.9991358792	0.08312924482
815	0.9991358792	0.08308706569
816	0.9991358792	0.08300120715
817	0.9991358792	0.08293812503
818	0.9991358792	0.08282985514
819	0.9991358792	0.08272267195
820	0.9991358792	0.08261519951
821	0.9991358792	0.08243756686
822	0.9991358792	0.08234565736
823	0.9991358792	0.08226570316
824	0.9991358792	0.08210999521
825	0.9991358792	0.08197233597
826	0.9991358792	0.08181720514
827	0.9991358792	0.08169744202
828	0.9991358792	0.08152193741
829	0.9991358792	0.081472756
830	0.9991358792	0.08144675258
831	0.9991358792	0.08127264767
832	0.9991358792	0.08121202361
833	0.9991358792	0.0811633732
834	0.9991358792	0.08108474002
835	0.9991358792	0.08092476179
836	0.9991358792	0.08080146191
837	0.9991358792	0.0807403497
838	0.9991358792	0.08061668203
839	0.9991358792	0.08054599564
840	0.9991358792	0.08040746516
841	0.9991358792	0.08024461653
842	0.9991358792	0.08014558407
843	0.9991358792	0.08006331704
844	0.9991358792	0.07986222241
845	0.9991358792	0.07979930713
846	0.9991358792	0.07964056107
847	0.9991358792	0.07950248703
848	0.9991358792	0.07928602873
849	0.9991358792	0.07910281414
850	0.9991358792	0.07893055752
851	0.9991358792	0.07887762556
852	0.9991358792	0.078850781
853	0.9991358792	0.07870079997
854	0.9991358792	0.07860706795
855	0.9991358792	0.07851827878
856	0.9991358792	0.07837130831
857	0.9991358792	0.07824053858
858	0.9991358792	0.07809027195
859	0.9991358792	0.07791724766
860	0.9991358792	0.07789462847
861	0.9991358792	0.07778595668
862	0.9991358792	0.07766705262
863	0.9991358792	0.07757496884
864	0.9991358792	0.07755461809
865	0.9991358792	0.07746593542
866	0.9991358792	0.07736947061
867	0.9991358792	0.07722088086
868	0.9991358792	0.07708250466
869	0.9991358792	0.07699595039
870	0.9991358792	0.07693048209
871	0.9991358792	0.07682058677
872	0.9991358792	0.07674832998
873	0.9991358792	0.07669818503
874	0.9991358792	0.07657569754
875	0.9991358792	0.07641863127
876	0.9991358792	0.07633739371
877	0.9991358792	0.07618507559
878	0.9991358792	0.07609911641
879	0.9991358792	0.0760236981
880	0.9991358792	0.07593600523
881	0.9991358792	0.07582993487
882	0.9991358792	0.07574278349
883	0.9991358792	0.07568833739
884	0.9991358792	0.0756187131
885	0.9991358792	0.07543663558
886	0.9991358792	0.07531958145
887	0.9991358792	0.07519559368
888	0.9991358792	0.07510598616
889	0.9991358792	0.07498198034
890	0.9991358792	0.07485970554
891	0.9991358792	0.07465808333
892	0.9991358792	0.07455600541
893	0.9991358792	0.07435937124
894	0.9991358792	0.07425233455
895	0.9991358792	0.07422105877
896	0.9991358792	0.07413376047
897	0.9991358792	0.07404130288
898	0.9991358792	0.0739698384
899	0.9991358792	0.07388649171
900	0.9991358792	0.07379729075
901	0.9991358792	0.07371413006
902	0.9991358792	0.07358995462
903	0.9995682203	0.07355234713
904	0.9995682203	0.07350124096
905	0.9995682203	0.07334614192
906	0.9995682203	0.07330787723
907	0.9995682203	0.07318995042
908	0.9995682203	0.07312548346
909	0.9995682203	0.07297477247
910	0.9995682203	0.07283777227
911	0.9995682203	0.07275526704
912	0.9995682203	0.07268452024
913	0.9995682203	0.07256265458
914	0.9995682203	0.07244858179
915	0.9995682203	0.07234179639
916	0.9995682203	0.07231041916
917	0.9995682203	0.07229890818
918	0.9995682203	0.07226650322
919	0.9995682203	0.07224830741
920	0.9995682203	0.07216068904
921	0.9995682203	0.07195719789
922	0.9995682203	0.0717760407
923	0.9995682203	0.07174821379
924	0.9995682203	0.07174237672
925	0.9995682203	0.07167852722
926	0.9995682203	0.07160684531
927	0.9995682203	0.07147719521
928	0.9995682203	0.07139578821
929	0.9995682203	0.07125747818
930	0.9995682203	0.07113015249
931	0.9995682203	0.07103822535
932	0.9995682203	0.07096708834
933	0.9995682203	0.07093349602
934	0.9995682203	0.07085804662
935	0.9995682203	0.07074608651
936	0.9995682203	0.07069754766
937	0.9995682203	0.07061995783
938	0.9995682203	0.07054903161
939	0.9995682203	0.07049301222
940	0.9995682203	0.07035501422
941	0.9995682203	0.07032053587
942	0.9995682203	0.07022551496
943	0.9995682203	0.07005227589
944	0.9995682203	0.06996449829
945	0.9995682203	0.06990464892
946	0.9995682203	0.06983744148
947	0.9995682203	0.069744232
948	0.9995682203	0.0696193731
949	0.9995682203	0.06942662032
950	0.9995682203	0.0693827085
951	0.9995682203	0.06928758402
952	0.9995682203	0.06923269767
953	0.9995682203	0.06918352678
954	0.9995682203	0.06902541431
955	0.9995682203	0.06899401853
956	1	0.06880189764
957	1	0.06870159993
958	1	0.06855515226
959	1	0.06850873755
960	1	0.06830899399
961	1	0.06820888651
962	1	0.06809413637
963	1	0.06805700706
964	1	0.06803229534
965	1	0.06792791974
966	1	0.06774852692
967	1	0.06760101237
968	1	0.06758093453
969	1	0.0674322017
970	0.9995682203	0.06727334025
971	1	0.06719335101
972	1	0.0671120991
973	1	0.06702598144
974	1	0.06696936102
975	1	0.06692178837
976	1	0.06689625099
977	1	0.06675156981
978	1	0.06672416342
979	1	0.06657183152
980	1	0.06638167
981	1	0.06627289438
982	1	0.0662002081
983	1	0.06611367124
984	1	0.06604657862
985	1	0.06593600208
986	1	0.06581000448
987	1	0.06578411631
988	1	0.06572634244
989	1	0.06564789994
990	1	0.06561371654
991	1	0.06558313202
992	1	0.065519384
993	1	0.06535735783
994	1	0.06528493192
995	1	0.06517898128
996	1	0.06507517336
997	1	0.06500974653
998	1	0.06493955746
999	1	0.0648788054
